{"_runtime":0.689584278,"_step":7,"acc":0.7256348731895748,"_wandb":{"runtime":0},"loss":0.20786027997103645,"_timestamp":1.741183678147788e+09}