{"_wandb":{"runtime":0},"_timestamp":1.7411974932468798e+09,"_runtime":0.691016351,"_step":7,"acc":0.8423434663588117,"loss":0.21993118925021032}